"@timestamp",message,"kubernetes.labels.app",scenario
"2021-05-20 19:02:26.625","2021-05-20 19:02:26,625 ipaddr - - ""GET /books HTTP/1.1"" 200 - 45 [73872f65-7d15-43a0-a16c-9aef7a0b5c23] ""Java-SDK""","Book"
"2021-05-20 19:02:26.474","2021-05-20 19:02:26,474 ipaddr - - ""POST /pay HTTP/1.1"" 200 - 45 [1c7c5f28-8a5a-4537-894d-9fd5c7cacee7] ""Apache-HttpClient/4.5.10 (Java/11.0.9)""","Payment"
"2021-05-20 19:02:26.193","2021-05-20 19:02:26,193 ipaddr - - ""POST /order HTTP/1.1"" 200 - 45 [1c7c5f28-8a5a-4537-894d-9fd5c7cacee7] ""Apache-HttpClient/4.5.10 (Java/11.0.9)""","Shipping"
"2021-05-20 19:02:25.716","2021-05-20 19:02:25,716 ipaddr - - ""GET /books HTTP/1.1"" 200 - 45 [73872f65-7d15-43a0-a16c-9aef7a0b5c23] ""Apache-HttpClient/4.5.10 (Java/11.0.9)""","Inventory"
"2021-05-20 19:02:25.655","2021-05-20 19:02:25,655 ipaddr - - ""PUT /account?accountid=126 HTTP/1.1"" 200 - 45 [f395de54-7a5f-4bc7-80e8-6b84eb07e805] ""Apache-HttpClient/4.5.10 (Java/11.0.9)""","Account"
"2021-05-20 19:02:25.372","2021-05-20 19:02:25,372 ipaddr - - ""POST /account HTTP/1.1"" 200 - 45 [64f0f15f-b3f1-41c3-82dd-ba1d7725e7aa] ""Apache-HttpClient/4.5.10 (Java/11.0.9)""","Account"
"2021-05-20 19:02:25.259","2021-05-20 19:02:25,259 ipaddr - - ""POST /account/update HTTP/1.1"" 200 - 45 [f395de54-7a5f-4bc7-80e8-6b84eb07e805] ""Java-SDK""","Front"
"2021-05-20 19:02:25.164","2021-05-20 19:02:25,164 ipaddr - - ""GET /adress?accountid=112 HTTP/1.1"" 200 - 45 [3738775f-56b6-47ed-8a8e-e507e3fff240] ""Java-SDK""","Account"
"2021-05-20 19:02:24.801","2021-05-20 19:02:24,801 ipaddr - - ""GET /all/books HTTP/1.1"" 200 - 45 [73872f65-7d15-43a0-a16c-9aef7a0b5c23] ""Java-SDK""","Front"
"2021-05-20 19:02:24.369","2021-05-20 19:02:24,369 ipaddr - - ""GET /albums HTTP/1.1"" 200 - 45 [ed127786-af54-482c-a1e9-c14881c95d05] ""Apache-HttpClient/4.5.10 (Java/11.0.9)""","Album"
"2021-05-20 19:02:23.964","2021-05-20 19:02:23,964 ipaddr - - ""GET /movie?id=74 HTTP/1.1"" 200 - 45 [ddeb653f-a1cd-48cb-8695-6bc0ec92e999] ""Java-SDK""","Movie"
"2021-05-20 19:02:23.532","2021-05-20 19:02:23,532 ipaddr - - ""POST /shipment HTTP/1.1"" 200 - 45 [3738775f-56b6-47ed-8a8e-e507e3fff240] ""Java-SDK""","Shipping"
"2021-05-20 19:02:23.132","2021-05-20 19:02:23,132 ipaddr - - ""GET /movies HTTP/1.1"" 200 - 45 [d816d956-89a3-44cf-b1db-04422f8c9eac] ""Java-SDK""","Movie"
"2021-05-20 19:02:22.686","2021-05-20 19:02:22,686 ipaddr - - ""POST /shipment/calculate HTTP/1.1"" 200 - 45 [3738775f-56b6-47ed-8a8e-e507e3fff240] ""Apache-HttpClient/4.5.10 (Java/11.0.9)""","Front"
"2021-05-20 19:02:22.393","2021-05-20 19:02:22,393 ipaddr - - ""GET /albums HTTP/1.1"" 200 - 45 [ed127786-af54-482c-a1e9-c14881c95d05] ""Apache-HttpClient/4.5.10 (Java/11.0.9)""","Inventory"
"2021-05-20 19:02:22.158","2021-05-20 19:02:22,158 ipaddr - - ""GET /item?id=74 HTTP/1.1"" 200 - 45 [ddeb653f-a1cd-48cb-8695-6bc0ec92e999] ""Java-SDK""","Inventory"
"2021-05-20 19:02:21.796","2021-05-20 19:02:21,796 ipaddr - - ""GET /account?accountid=120 HTTP/1.1"" 200 - 45 [c2739c62-31d7-47c2-b3e7-981ad603ff64] ""Apache-HttpClient/4.5.10 (Java/11.0.9)""","Account"
"2021-05-20 19:02:21.464","2021-05-20 19:02:21,464 ipaddr - - ""POST /account/new HTTP/1.1"" 200 - 45 [64f0f15f-b3f1-41c3-82dd-ba1d7725e7aa] ""Java-SDK""","Front"
"2021-05-20 19:02:21.405","2021-05-20 19:02:21,405 ipaddr - - ""GET /book?id=145 HTTP/1.1"" 200 - 45 [b7c3996e-be70-44dd-97ad-8798cfe10e94] ""Java-SDK""","Book"
"2021-05-20 19:02:21.263","2021-05-20 19:02:21,263 ipaddr - - ""GET /item?id=145 HTTP/1.1"" 200 - 45 [b7c3996e-be70-44dd-97ad-8798cfe10e94] ""Java-SDK""","Inventory"
"2021-05-20 19:02:20.973","2021-05-20 19:02:20,973 ipaddr - - ""DELETE /account?accountid=101 HTTP/1.1"" 200 - 45 [16aca69d-54d5-4c2b-9eae-53f619d0575b] ""Apache-HttpClient/4.5.10 (Java/11.0.9)""","Account"
"2021-05-20 19:02:20.670","2021-05-20 19:02:20,670 ipaddr - - ""GET /discount?accountid=98 HTTP/1.1"" 200 - 45 [582e7dc8-6852-4ed0-a2c3-45ccf9c01c4f] ""Java-SDK""","Account"
"2021-05-20 19:02:20.326","2021-05-20 19:02:20,326 ipaddr - - ""GET /item?itemid=74 HTTP/1.1"" 200 - 45 [ddeb653f-a1cd-48cb-8695-6bc0ec92e999] ""Apache-HttpClient/4.5.10 (Java/11.0.9)""","Front"
"2021-05-20 19:02:20.068","2021-05-20 19:02:20,068 ipaddr - - ""POST /calculate HTTP/1.1"" 200 - 45 [582e7dc8-6852-4ed0-a2c3-45ccf9c01c4f] ""Java-SDK""","Shipping"
"2021-05-20 19:02:19.921","2021-05-20 19:02:19,921 ipaddr - - ""POST /account/delete HTTP/1.1"" 200 - 45 [16aca69d-54d5-4c2b-9eae-53f619d0575b] ""Java-SDK""","Front"
"2021-05-20 19:02:19.815","2021-05-20 19:02:19,815 ipaddr - - ""GET /item?itemid=145 HTTP/1.1"" 200 - 45 [b7c3996e-be70-44dd-97ad-8798cfe10e94] ""Apache-HttpClient/4.5.10 (Java/11.0.9)""","Front"
"2021-05-20 19:02:19.598","2021-05-20 19:02:19,598 ipaddr - - ""GET /movies HTTP/1.1"" 200 - 45 [d816d956-89a3-44cf-b1db-04422f8c9eac] ""Apache-HttpClient/4.5.10 (Java/11.0.9)""","Inventory"
"2021-05-20 19:02:19.518","2021-05-20 19:02:19,518 ipaddr - - ""POST /order HTTP/1.1"" 200 - 45 [1c7c5f28-8a5a-4537-894d-9fd5c7cacee7] ""Java-SDK""","Front"
"2021-05-20 19:02:19.128","2021-05-20 19:02:19,128 ipaddr - - ""POST /discount/apply HTTP/1.1"" 200 - 45 [582e7dc8-6852-4ed0-a2c3-45ccf9c01c4f] ""Apache-HttpClient/4.5.10 (Java/11.0.9)""","Front"
"2021-05-20 19:02:18.641","2021-05-20 19:02:18,641 ipaddr - - ""GET /album?id=136 HTTP/1.1"" 200 - 45 [f597d2bc-33b7-4903-965b-45d1997415f1] ""Java-SDK""","Album"
"2021-05-20 19:02:18.544","2021-05-20 19:02:18,544 ipaddr - - ""GET /all/albums HTTP/1.1"" 200 - 45 [ed127786-af54-482c-a1e9-c14881c95d05] ""Java-SDK""","Front"
"2021-05-20 19:02:18.471","2021-05-20 19:02:18,471 ipaddr - - ""GET /all/movies HTTP/1.1"" 200 - 45 [d816d956-89a3-44cf-b1db-04422f8c9eac] ""Java-SDK""","Front"
"2021-05-20 19:02:18.008","2021-05-20 19:02:18,008 ipaddr - - ""POST /login HTTP/1.1"" 200 - 45 [c2739c62-31d7-47c2-b3e7-981ad603ff64] ""Java-SDK""","Front"
"2021-05-20 19:02:17.581","2021-05-20 19:02:17,581 ipaddr - - ""GET /item?id=136 HTTP/1.1"" 200 - 45 [f597d2bc-33b7-4903-965b-45d1997415f1] ""Java-SDK""","Inventory"
"2021-05-20 19:02:17.406","2021-05-20 19:02:17,406 ipaddr - - ""GET / HTTP/1.1"" 200 - 45 [e97490d9-105e-486e-8962-37abf1c63424] ""Apache-HttpClient/4.5.10 (Java/11.0.9)""","Front"
"2021-05-20 19:02:16.950","2021-05-20 19:02:16,950 ipaddr - - ""GET /item?itemid=136 HTTP/1.1"" 200 - 45 [f597d2bc-33b7-4903-965b-45d1997415f1] ""Apache-HttpClient/4.5.10 (Java/11.0.9)""","Front"
"2021-05-20 19:02:10.634","2021-05-20 19:02:10,634 ipaddr - - ""GET /discount?accountid=98 HTTP/1.1"" 200 - 45 [c2208f9e-fc99-47b4-bb6f-7420f8332663] ""Java-SDK""","Account"
"2021-05-20 19:02:10.406","2021-05-20 19:02:10,406 ipaddr - - ""GET /movies HTTP/1.1"" 200 - 45 [5ea8b7f3-c0ff-42a2-937d-5433a0691eda] ""Java-SDK""","Movie"
"2021-05-20 19:02:10.080","2021-05-20 19:02:10,080 ipaddr - - ""GET /movies HTTP/1.1"" 200 - 45 [5ea8b7f3-c0ff-42a2-937d-5433a0691eda] ""Apache-HttpClient/4.5.10 (Java/11.0.9)""","Inventory"
"2021-05-20 19:02:09.830","2021-05-20 19:02:09,830 ipaddr - - ""GET /adress?accountid=131 HTTP/1.1"" 200 - 45 [aed2c43e-c3a9-41c2-adcb-a467c789b3b5] ""Java-SDK""","Account"
"2021-05-20 19:02:09.633","2021-05-20 19:02:09,633 ipaddr - - ""POST /account HTTP/1.1"" 200 - 45 [0ec08bef-4735-4812-b5a2-b8614ee0da47] ""Apache-HttpClient/4.5.10 (Java/11.0.9)""","Account"
"2021-05-20 19:02:09.327","2021-05-20 19:02:09,327 ipaddr - - ""POST /account/new HTTP/1.1"" 200 - 45 [0ec08bef-4735-4812-b5a2-b8614ee0da47] ""Java-SDK""","Front"
"2021-05-20 19:02:08.858","2021-05-20 19:02:08,858 ipaddr - - ""GET /books HTTP/1.1"" 200 - 45 [adb82eec-ef03-4c98-a0dd-2b47c9bfbf9c] ""Java-SDK""","Book"
"2021-05-20 19:02:08.372","2021-05-20 19:02:08,372 ipaddr - - ""GET /albums HTTP/1.1"" 200 - 45 [6601ea18-0dc8-4de1-8a35-7ce9068f68f4] ""Apache-HttpClient/4.5.10 (Java/11.0.9)""","Album"
"2021-05-20 19:02:08.181","2021-05-20 19:02:08,181 ipaddr - - ""GET /albums HTTP/1.1"" 200 - 45 [6601ea18-0dc8-4de1-8a35-7ce9068f68f4] ""Apache-HttpClient/4.5.10 (Java/11.0.9)""","Inventory"
"2021-05-20 19:02:07.743","2021-05-20 19:02:07,743 ipaddr - - ""POST /shipment HTTP/1.1"" 200 - 45 [aed2c43e-c3a9-41c2-adcb-a467c789b3b5] ""Java-SDK""","Shipping"
"2021-05-20 19:02:07.358","2021-05-20 19:02:07,358 ipaddr - - ""POST /calculate HTTP/1.1"" 200 - 45 [c2208f9e-fc99-47b4-bb6f-7420f8332663] ""Java-SDK""","Shipping"
"2021-05-20 19:02:06.897","2021-05-20 19:02:06,897 ipaddr - - ""GET /books HTTP/1.1"" 200 - 45 [adb82eec-ef03-4c98-a0dd-2b47c9bfbf9c] ""Apache-HttpClient/4.5.10 (Java/11.0.9)""","Inventory"
"2021-05-20 19:02:06.553","2021-05-20 19:02:06,553 ipaddr - - ""POST /shipment/calculate HTTP/1.1"" 200 - 45 [aed2c43e-c3a9-41c2-adcb-a467c789b3b5] ""Apache-HttpClient/4.5.10 (Java/11.0.9)""","Front"
"2021-05-20 19:02:06.439","2021-05-20 19:02:06,439 ipaddr - - ""GET /album?id=103 HTTP/1.1"" 200 - 45 [ff58f30e-46f8-4e09-8686-be8bb288971d] ""Java-SDK""","Album"
"2021-05-20 19:02:06.171","2021-05-20 19:02:06,171 ipaddr - - ""GET /all/books HTTP/1.1"" 200 - 45 [adb82eec-ef03-4c98-a0dd-2b47c9bfbf9c] ""Java-SDK""","Front"
"2021-05-20 19:02:05.964","2021-05-20 19:02:05,964 ipaddr - - ""POST /discount/apply HTTP/1.1"" 200 - 45 [c2208f9e-fc99-47b4-bb6f-7420f8332663] ""Apache-HttpClient/4.5.10 (Java/11.0.9)""","Front"
"2021-05-20 19:02:05.528","2021-05-20 19:02:05,528 ipaddr - - ""GET /account?accountid=67 HTTP/1.1"" 200 - 45 [d938fb12-4757-4a0b-8cb4-6a60e4e7baf1] ""Apache-HttpClient/4.5.10 (Java/11.0.9)""","Account"
"2021-05-20 19:02:05.419","2021-05-20 19:02:05,419 ipaddr - - ""GET /item?id=103 HTTP/1.1"" 200 - 45 [ff58f30e-46f8-4e09-8686-be8bb288971d] ""Java-SDK""","Inventory"
"2021-05-20 19:02:05.208","2021-05-20 19:02:05,208 ipaddr - - ""GET /movie?id=58 HTTP/1.1"" 200 - 45 [fdb81fba-2b1b-4096-b291-9d59934d23a8] ""Java-SDK""","Movie"
"2021-05-20 19:02:04.962","2021-05-20 19:02:04,962 ipaddr - - ""POST /pay HTTP/1.1"" 200 - 45 [656e90bf-9dad-44b0-bde8-ba0d8b765cee] ""Apache-HttpClient/4.5.10 (Java/11.0.9)""","Payment"
"2021-05-20 19:02:04.897","2021-05-20 19:02:04,897 ipaddr - - ""GET /item?itemid=103 HTTP/1.1"" 200 - 45 [ff58f30e-46f8-4e09-8686-be8bb288971d] ""Apache-HttpClient/4.5.10 (Java/11.0.9)""","Front"
"2021-05-20 19:02:04.475","2021-05-20 19:02:04,475 ipaddr - - ""POST /order HTTP/1.1"" 200 - 45 [656e90bf-9dad-44b0-bde8-ba0d8b765cee] ""Apache-HttpClient/4.5.10 (Java/11.0.9)""","Shipping"
"2021-05-20 19:02:04.053","2021-05-20 19:02:04,053 ipaddr - - ""POST /login HTTP/1.1"" 200 - 45 [d938fb12-4757-4a0b-8cb4-6a60e4e7baf1] ""Java-SDK""","Front"
"2021-05-20 19:02:03.980","2021-05-20 19:02:03,980 ipaddr - - ""POST /order HTTP/1.1"" 200 - 45 [656e90bf-9dad-44b0-bde8-ba0d8b765cee] ""Java-SDK""","Front"
"2021-05-20 19:02:03.514","2021-05-20 19:02:03,514 ipaddr - - ""GET /book?id=140 HTTP/1.1"" 200 - 45 [25806c5e-7550-481e-bb75-a4b93ed06879] ""Java-SDK""","Book"
"2021-05-20 19:02:03.406","2021-05-20 19:02:03,406 ipaddr - - ""GET /item?id=58 HTTP/1.1"" 200 - 45 [fdb81fba-2b1b-4096-b291-9d59934d23a8] ""Java-SDK""","Inventory"
"2021-05-20 19:02:03.030","2021-05-20 19:02:03,030 ipaddr - - ""PUT /account?accountid=57 HTTP/1.1"" 200 - 45 [d16eb832-b45c-4641-80e9-f16d42165163] ""Apache-HttpClient/4.5.10 (Java/11.0.9)""","Account"
"2021-05-20 19:02:02.726","2021-05-20 19:02:02,726 ipaddr - - ""DELETE /account?accountid=46 HTTP/1.1"" 200 - 45 [49b56ea2-de98-4509-abb9-4ca10970bda1] ""Apache-HttpClient/4.5.10 (Java/11.0.9)""","Account"
"2021-05-20 19:02:02.359","2021-05-20 19:02:02,359 ipaddr - - ""GET /item?itemid=58 HTTP/1.1"" 200 - 45 [fdb81fba-2b1b-4096-b291-9d59934d23a8] ""Apache-HttpClient/4.5.10 (Java/11.0.9)""","Front"
"2021-05-20 19:02:02.121","2021-05-20 19:02:02,121 ipaddr - - ""GET /all/albums HTTP/1.1"" 200 - 45 [6601ea18-0dc8-4de1-8a35-7ce9068f68f4] ""Java-SDK""","Front"
"2021-05-20 19:02:01.767","2021-05-20 19:02:01,767 ipaddr - - ""GET /item?id=140 HTTP/1.1"" 200 - 45 [25806c5e-7550-481e-bb75-a4b93ed06879] ""Java-SDK""","Inventory"
"2021-05-20 19:02:01.672","2021-05-20 19:02:01,672 ipaddr - - ""GET /item?itemid=140 HTTP/1.1"" 200 - 45 [25806c5e-7550-481e-bb75-a4b93ed06879] ""Apache-HttpClient/4.5.10 (Java/11.0.9)""","Front"
"2021-05-20 19:02:01.280","2021-05-20 19:02:01,280 ipaddr - - ""GET /all/movies HTTP/1.1"" 200 - 45 [5ea8b7f3-c0ff-42a2-937d-5433a0691eda] ""Java-SDK""","Front"
"2021-05-20 19:02:00.910","2021-05-20 19:02:00,910 ipaddr - - ""POST /account/update HTTP/1.1"" 200 - 45 [d16eb832-b45c-4641-80e9-f16d42165163] ""Java-SDK""","Front"
"2021-05-20 19:02:00.497","2021-05-20 19:02:00,497 ipaddr - - ""POST /account/delete HTTP/1.1"" 200 - 45 [49b56ea2-de98-4509-abb9-4ca10970bda1] ""Java-SDK""","Front"
"2021-05-20 19:02:00.198","2021-05-20 19:02:00,198 ipaddr - - ""GET / HTTP/1.1"" 200 - 45 [0bfbeb62-8287-4b61-ac24-c5b8d2dc227e] ""Apache-HttpClient/4.5.10 (Java/11.0.9)""","Front"
"2021-05-20 19:01:04.549","2021-05-20 19:01:04,549 ipaddr - - ""GET /movie?id=58 HTTP/1.1"" 200 - 45 [f48ae619-f5e3-4dd2-8935-a12077f79809] ""Java-SDK""","Movie"
"2021-05-20 19:01:04.076","2021-05-20 19:01:04,076 ipaddr - - ""GET /album?id=52 HTTP/1.1"" 200 - 45 [86c7ddff-aca4-43aa-8e35-bf0e75ea8a9d] ""Java-SDK""","Album"
"2021-05-20 19:01:03.726","2021-05-20 19:01:03,726 ipaddr - - ""GET /item?id=52 HTTP/1.1"" 200 - 45 [86c7ddff-aca4-43aa-8e35-bf0e75ea8a9d] ""Java-SDK""","Inventory"
"2021-05-20 19:01:03.653","2021-05-20 19:01:03,653 ipaddr - - ""GET /movies HTTP/1.1"" 200 - 45 [1fc374f0-520a-4f4d-8044-eb23b4cfd8f9] ""Java-SDK""","Movie"
"2021-05-20 19:01:03.293","2021-05-20 19:01:03,293 ipaddr - - ""GET /movies HTTP/1.1"" 200 - 45 [1fc374f0-520a-4f4d-8044-eb23b4cfd8f9] ""Apache-HttpClient/4.5.10 (Java/11.0.9)""","Inventory"
"2021-05-20 19:01:02.926","2021-05-20 19:01:02,926 ipaddr - - ""POST /pay HTTP/1.1"" 200 - 45 [4273ac77-de9d-4518-93a8-d0de6d9582f2] ""Apache-HttpClient/4.5.10 (Java/11.0.9)""","Payment"
"2021-05-20 19:01:02.703","2021-05-20 19:01:02,703 ipaddr - - ""GET /item?id=58 HTTP/1.1"" 200 - 45 [f48ae619-f5e3-4dd2-8935-a12077f79809] ""Java-SDK""","Inventory"
"2021-05-20 19:01:02.546","2021-05-20 19:01:02,546 ipaddr - - ""GET /book?id=151 HTTP/1.1"" 200 - 45 [f0a3a185-2f6e-44aa-aac7-696025f4e595] ""Java-SDK""","Book"
"2021-05-20 19:01:02.265","2021-05-20 19:01:02,265 ipaddr - - ""GET /albums HTTP/1.1"" 200 - 45 [1cee3f00-436a-48f9-a045-7bed2f05b8c9] ""Apache-HttpClient/4.5.10 (Java/11.0.9)""","Album"
"2021-05-20 19:01:01.964","2021-05-20 19:01:01,964 ipaddr - - ""GET /albums HTTP/1.1"" 200 - 45 [1cee3f00-436a-48f9-a045-7bed2f05b8c9] ""Apache-HttpClient/4.5.10 (Java/11.0.9)""","Inventory"
"2021-05-20 19:01:01.781","2021-05-20 19:01:01,781 ipaddr - - ""GET /account?accountid=60 HTTP/1.1"" 200 - 45 [6c0fe8a2-6056-447e-8144-6c6c24ef9e8f] ""Apache-HttpClient/4.5.10 (Java/11.0.9)""","Account"
"2021-05-20 19:01:01.663","2021-05-20 19:01:01,663 ipaddr - - ""GET /all/albums HTTP/1.1"" 200 - 45 [1cee3f00-436a-48f9-a045-7bed2f05b8c9] ""Java-SDK""","Front"
"2021-05-20 19:01:01.551","2021-05-20 19:01:01,551 ipaddr - - ""GET /item?itemid=52 HTTP/1.1"" 200 - 45 [86c7ddff-aca4-43aa-8e35-bf0e75ea8a9d] ""Apache-HttpClient/4.5.10 (Java/11.0.9)""","Front"
"2021-05-20 19:01:01.172","2021-05-20 19:01:01,172 ipaddr - - ""GET /item?id=151 HTTP/1.1"" 200 - 45 [f0a3a185-2f6e-44aa-aac7-696025f4e595] ""Java-SDK""","Inventory"
"2021-05-20 19:01:01.050","2021-05-20 19:01:01,050 ipaddr - - ""POST /login HTTP/1.1"" 200 - 45 [6c0fe8a2-6056-447e-8144-6c6c24ef9e8f] ""Java-SDK""","Front"
"2021-05-20 19:01:00.958","2021-05-20 19:01:00,958 ipaddr - - ""POST /order HTTP/1.1"" 200 - 45 [4273ac77-de9d-4518-93a8-d0de6d9582f2] ""Apache-HttpClient/4.5.10 (Java/11.0.9)""","Shipping"
"2021-05-20 19:01:00.569","2021-05-20 19:01:00,569 ipaddr - - ""GET /item?itemid=151 HTTP/1.1"" 200 - 45 [f0a3a185-2f6e-44aa-aac7-696025f4e595] ""Apache-HttpClient/4.5.10 (Java/11.0.9)""","Front"
"2021-05-20 19:01:00.321","2021-05-20 19:01:00,321 ipaddr - - ""GET /discount?accountid=66 HTTP/1.1"" 200 - 45 [5c3ab57a-f70c-49cb-9c22-c87c22257526] ""Java-SDK""","Account"
"2021-05-20 19:00:59.970","2021-05-20 19:00:59,970 ipaddr - - ""POST /calculate HTTP/1.1"" 200 - 45 [5c3ab57a-f70c-49cb-9c22-c87c22257526] ""Java-SDK""","Shipping"
"2021-05-20 19:00:59.625","2021-05-20 19:00:59,625 ipaddr - - ""POST /account HTTP/1.1"" 200 - 45 [3606ae74-76c4-475a-9249-139351f4dc37] ""Apache-HttpClient/4.5.10 (Java/11.0.9)""","Account"
"2021-05-20 19:00:59.245","2021-05-20 19:00:59,245 ipaddr - - ""GET /adress?accountid=152 HTTP/1.1"" 200 - 45 [5dedf79d-2dc2-4b36-8191-c191c051df47] ""Java-SDK""","Account"
"2021-05-20 19:00:59.120","2021-05-20 19:00:59,120 ipaddr - - ""GET /books HTTP/1.1"" 200 - 45 [e812e8f8-b864-4628-b05e-b87e110e1cba] ""Java-SDK""","Book"
"2021-05-20 19:00:58.946","2021-05-20 19:00:58,946 ipaddr - - ""DELETE /account?accountid=126 HTTP/1.1"" 200 - 45 [c2b5e76d-0909-44af-b55b-2bd07131ac0b] ""Apache-HttpClient/4.5.10 (Java/11.0.9)""","Account"
"2021-05-20 19:00:58.636","2021-05-20 19:00:58,636 ipaddr - - ""GET /all/movies HTTP/1.1"" 200 - 45 [1fc374f0-520a-4f4d-8044-eb23b4cfd8f9] ""Java-SDK""","Front"
"2021-05-20 19:00:58.323","2021-05-20 19:00:58,323 ipaddr - - ""GET /books HTTP/1.1"" 200 - 45 [e812e8f8-b864-4628-b05e-b87e110e1cba] ""Apache-HttpClient/4.5.10 (Java/11.0.9)""","Inventory"
"2021-05-20 19:00:58.194","2021-05-20 19:00:58,194 ipaddr - - ""POST /shipment HTTP/1.1"" 200 - 45 [5dedf79d-2dc2-4b36-8191-c191c051df47] ""Java-SDK""","Shipping"
"2021-05-20 19:00:58.015","2021-05-20 19:00:58,015 ipaddr - - ""POST /account/delete HTTP/1.1"" 200 - 45 [c2b5e76d-0909-44af-b55b-2bd07131ac0b] ""Java-SDK""","Front"
"2021-05-20 19:00:57.870","2021-05-20 19:00:57,870 ipaddr - - ""POST /order HTTP/1.1"" 200 - 45 [4273ac77-de9d-4518-93a8-d0de6d9582f2] ""Java-SDK""","Front"
"2021-05-20 19:00:57.507","2021-05-20 19:00:57,507 ipaddr - - ""GET / HTTP/1.1"" 200 - 45 [051bd0f7-3845-4dfe-a3ac-8f7bea0d79e4] ""Apache-HttpClient/4.5.10 (Java/11.0.9)""","Front"
"2021-05-20 19:00:57.420","2021-05-20 19:00:57,420 ipaddr - - ""POST /discount/apply HTTP/1.1"" 200 - 45 [5c3ab57a-f70c-49cb-9c22-c87c22257526] ""Apache-HttpClient/4.5.10 (Java/11.0.9)""","Front"
"2021-05-20 19:00:57.203","2021-05-20 19:00:57,203 ipaddr - - ""GET /item?itemid=58 HTTP/1.1"" 200 - 45 [f48ae619-f5e3-4dd2-8935-a12077f79809] ""Apache-HttpClient/4.5.10 (Java/11.0.9)""","Front"
"2021-05-20 19:00:56.848","2021-05-20 19:00:56,848 ipaddr - - ""PUT /account?accountid=136 HTTP/1.1"" 200 - 45 [9d354c21-10b7-44be-9fb9-dc4318d1740a] ""Apache-HttpClient/4.5.10 (Java/11.0.9)""","Account"
"2021-05-20 19:00:56.451","2021-05-20 19:00:56,451 ipaddr - - ""POST /account/update HTTP/1.1"" 200 - 45 [9d354c21-10b7-44be-9fb9-dc4318d1740a] ""Java-SDK""","Front"
"2021-05-20 19:00:56.142","2021-05-20 19:00:56,142 ipaddr - - ""POST /account/new HTTP/1.1"" 200 - 45 [3606ae74-76c4-475a-9249-139351f4dc37] ""Java-SDK""","Front"
"2021-05-20 19:00:55.934","2021-05-20 19:00:55,934 ipaddr - - ""GET /all/books HTTP/1.1"" 200 - 45 [e812e8f8-b864-4628-b05e-b87e110e1cba] ""Java-SDK""","Front"
"2021-05-20 19:00:55.700","2021-05-20 19:00:55,700 ipaddr - - ""POST /shipment/calculate HTTP/1.1"" 200 - 45 [5dedf79d-2dc2-4b36-8191-c191c051df47] ""Apache-HttpClient/4.5.10 (Java/11.0.9)""","Front"
"2021-05-20 19:00:52.563","2021-05-20 19:00:52,563 ipaddr - - ""GET /album?id=150 HTTP/1.1"" 200 - 45 [8a68ab2e-c652-4970-97d5-fe413c3db997] ""Java-SDK""","Album"
"2021-05-20 19:00:52.217","2021-05-20 19:00:52,217 ipaddr - - ""GET /adress?accountid=47 HTTP/1.1"" 200 - 45 [c0a97133-ee52-4dcc-8100-c6b01e7fca12] ""Java-SDK""","Account"
"2021-05-20 19:00:52.083","2021-05-20 19:00:52,083 ipaddr - - ""GET /item?id=150 HTTP/1.1"" 200 - 45 [8a68ab2e-c652-4970-97d5-fe413c3db997] ""Java-SDK""","Inventory"
"2021-05-20 19:00:51.963","2021-05-20 19:00:51,963 ipaddr - - ""GET /book?id=102 HTTP/1.1"" 200 - 45 [1e7876e8-8bd8-4f3e-8bbf-ce7f4ba1147b] ""Java-SDK""","Book"
"2021-05-20 19:00:51.850","2021-05-20 19:00:51,850 ipaddr - - ""GET /albums HTTP/1.1"" 200 - 45 [35c60dd1-4e65-42d7-9426-837b1560edac] ""Apache-HttpClient/4.5.10 (Java/11.0.9)""","Album"
"2021-05-20 19:00:51.403","2021-05-20 19:00:51,403 ipaddr - - ""GET /item?itemid=150 HTTP/1.1"" 200 - 45 [8a68ab2e-c652-4970-97d5-fe413c3db997] ""Apache-HttpClient/4.5.10 (Java/11.0.9)""","Front"
"2021-05-20 19:00:51.298","2021-05-20 19:00:51,298 ipaddr - - ""GET /item?id=102 HTTP/1.1"" 200 - 45 [1e7876e8-8bd8-4f3e-8bbf-ce7f4ba1147b] ""Java-SDK""","Inventory"
"2021-05-20 19:00:50.947","2021-05-20 19:00:50,947 ipaddr - - ""GET /discount?accountid=131 HTTP/1.1"" 200 - 45 [aa74c929-a898-4ffb-95cb-0e8ad4728043] ""Java-SDK""","Account"
"2021-05-20 19:00:50.714","2021-05-20 19:00:50,714 ipaddr - - ""GET /albums HTTP/1.1"" 200 - 45 [35c60dd1-4e65-42d7-9426-837b1560edac] ""Apache-HttpClient/4.5.10 (Java/11.0.9)""","Inventory"
"2021-05-20 19:00:50.441","2021-05-20 19:00:50,441 ipaddr - - ""POST /pay HTTP/1.1"" 200 - 45 [65093873-73cc-48ec-8847-1bf7ae7704c7] ""Apache-HttpClient/4.5.10 (Java/11.0.9)""","Payment"
"2021-05-20 19:00:50.240","2021-05-20 19:00:50,240 ipaddr - - ""GET /item?itemid=102 HTTP/1.1"" 200 - 45 [1e7876e8-8bd8-4f3e-8bbf-ce7f4ba1147b] ""Apache-HttpClient/4.5.10 (Java/11.0.9)""","Front"
"2021-05-20 19:00:49.932","2021-05-20 19:00:49,932 ipaddr - - ""POST /shipment HTTP/1.1"" 200 - 45 [c0a97133-ee52-4dcc-8100-c6b01e7fca12] ""Java-SDK""","Shipping"
"2021-05-20 19:00:49.602","2021-05-20 19:00:49,602 ipaddr - - ""POST /calculate HTTP/1.1"" 200 - 45 [aa74c929-a898-4ffb-95cb-0e8ad4728043] ""Java-SDK""","Shipping"
"2021-05-20 19:00:49.517","2021-05-20 19:00:49,517 ipaddr - - ""POST /shipment/calculate HTTP/1.1"" 200 - 45 [c0a97133-ee52-4dcc-8100-c6b01e7fca12] ""Apache-HttpClient/4.5.10 (Java/11.0.9)""","Front"
"2021-05-20 19:00:49.225","2021-05-20 19:00:49,225 ipaddr - - ""GET /movie?id=39 HTTP/1.1"" 200 - 45 [a584963d-eec5-4042-86e5-f53e2471e1a1] ""Java-SDK""","Movie"
"2021-05-20 19:00:48.968","2021-05-20 19:00:48,968 ipaddr - - ""GET /movies HTTP/1.1"" 200 - 45 [99bf9468-a693-4530-bb23-51caa78415bc] ""Java-SDK""","Movie"
"2021-05-20 19:00:48.610","2021-05-20 19:00:48,610 ipaddr - - ""POST /account HTTP/1.1"" 200 - 45 [43833ac0-bb7c-4cd9-9b64-88acec8d437f] ""Apache-HttpClient/4.5.10 (Java/11.0.9)""","Account"
"2021-05-20 19:00:48.320","2021-05-20 19:00:48,320 ipaddr - - ""POST /order HTTP/1.1"" 200 - 45 [65093873-73cc-48ec-8847-1bf7ae7704c7] ""Apache-HttpClient/4.5.10 (Java/11.0.9)""","Shipping"
"2021-05-20 19:00:48.200","2021-05-20 19:00:48,200 ipaddr - - ""GET /all/albums HTTP/1.1"" 200 - 45 [35c60dd1-4e65-42d7-9426-837b1560edac] ""Java-SDK""","Front"
"2021-05-20 19:00:47.801","2021-05-20 19:00:47,801 ipaddr - - ""GET /books HTTP/1.1"" 200 - 45 [3b155689-6e03-4a5c-9d14-9613e21ff7a3] ""Java-SDK""","Book"
"2021-05-20 19:00:47.508","2021-05-20 19:00:47,508 ipaddr - - ""GET /books HTTP/1.1"" 200 - 45 [3b155689-6e03-4a5c-9d14-9613e21ff7a3] ""Apache-HttpClient/4.5.10 (Java/11.0.9)""","Inventory"
"2021-05-20 19:00:47.091","2021-05-20 19:00:47,091 ipaddr - - ""GET /movies HTTP/1.1"" 200 - 45 [99bf9468-a693-4530-bb23-51caa78415bc] ""Apache-HttpClient/4.5.10 (Java/11.0.9)""","Inventory"
"2021-05-20 19:00:46.834","2021-05-20 19:00:46,834 ipaddr - - ""GET /item?id=39 HTTP/1.1"" 200 - 45 [a584963d-eec5-4042-86e5-f53e2471e1a1] ""Java-SDK""","Inventory"
"2021-05-20 19:00:46.730","2021-05-20 19:00:46,730 ipaddr - - ""POST /discount/apply HTTP/1.1"" 200 - 45 [aa74c929-a898-4ffb-95cb-0e8ad4728043] ""Apache-HttpClient/4.5.10 (Java/11.0.9)""","Front"
"2021-05-20 19:00:46.466","2021-05-20 19:00:46,466 ipaddr - - ""PUT /account?accountid=96 HTTP/1.1"" 200 - 45 [91159326-5ff6-4fc6-9fad-da9a0ea28ea8] ""Apache-HttpClient/4.5.10 (Java/11.0.9)""","Account"
"2021-05-20 19:00:46.066","2021-05-20 19:00:46,066 ipaddr - - ""GET /account?accountid=68 HTTP/1.1"" 200 - 45 [ed7c09df-ca4e-47cc-86cf-1ec023875af9] ""Apache-HttpClient/4.5.10 (Java/11.0.9)""","Account"
"2021-05-20 19:00:45.602","2021-05-20 19:00:45,602 ipaddr - - ""POST /account/update HTTP/1.1"" 200 - 45 [91159326-5ff6-4fc6-9fad-da9a0ea28ea8] ""Java-SDK""","Front"
"2021-05-20 19:00:45.517","2021-05-20 19:00:45,517 ipaddr - - ""POST /account/new HTTP/1.1"" 200 - 45 [43833ac0-bb7c-4cd9-9b64-88acec8d437f] ""Java-SDK""","Front"
"2021-05-20 19:00:45.231","2021-05-20 19:00:45,231 ipaddr - - ""GET / HTTP/1.1"" 200 - 45 [bfc8a2bb-4fe8-4f57-b4aa-778f4f2b2689] ""Apache-HttpClient/4.5.10 (Java/11.0.9)""","Front"
"2021-05-20 19:00:44.884","2021-05-20 19:00:44,884 ipaddr - - ""GET /item?itemid=39 HTTP/1.1"" 200 - 45 [a584963d-eec5-4042-86e5-f53e2471e1a1] ""Apache-HttpClient/4.5.10 (Java/11.0.9)""","Front"
"2021-05-20 19:00:44.418","2021-05-20 19:00:44,418 ipaddr - - ""GET /all/movies HTTP/1.1"" 200 - 45 [99bf9468-a693-4530-bb23-51caa78415bc] ""Java-SDK""","Front"
"2021-05-20 19:00:43.999","2021-05-20 19:00:43,999 ipaddr - - ""GET /all/books HTTP/1.1"" 200 - 45 [3b155689-6e03-4a5c-9d14-9613e21ff7a3] ""Java-SDK""","Front"
"2021-05-20 19:00:43.581","2021-05-20 19:00:43,581 ipaddr - - ""DELETE /account?accountid=25 HTTP/1.1"" 200 - 45 [0abced6e-c820-4cc7-8cb3-f10f29f61996] ""Apache-HttpClient/4.5.10 (Java/11.0.9)""","Account"
"2021-05-20 19:00:43.487","2021-05-20 19:00:43,487 ipaddr - - ""POST /login HTTP/1.1"" 200 - 45 [ed7c09df-ca4e-47cc-86cf-1ec023875af9] ""Java-SDK""","Front"
"2021-05-20 19:00:43.286","2021-05-20 19:00:43,286 ipaddr - - ""POST /account/delete HTTP/1.1"" 200 - 45 [0abced6e-c820-4cc7-8cb3-f10f29f61996] ""Java-SDK""","Front"
"2021-05-20 19:00:43.161","2021-05-20 19:00:43,161 ipaddr - - ""POST /order HTTP/1.1"" 200 - 45 [65093873-73cc-48ec-8847-1bf7ae7704c7] ""Java-SDK""","Front"
"2021-05-20 18:49:30.192","2021-05-20 18:49:30,192 ipaddr - - ""GET /albums HTTP/1.1"" 200 - 45 [0cded002-375a-4c6f-bd05-bc0086b52490] ""Apache-HttpClient/4.5.10 (Java/11.0.9)""","Album"
"2021-05-20 18:49:29.725","2021-05-20 18:49:29,725 ipaddr - - ""GET /albums HTTP/1.1"" 200 - 45 [0cded002-375a-4c6f-bd05-bc0086b52490] ""Apache-HttpClient/4.5.10 (Java/11.0.9)""","Inventory"
"2021-05-20 18:49:29.315","2021-05-20 18:49:29,315 ipaddr - - ""GET /movie?id=134 HTTP/1.1"" 200 - 45 [a37954f3-cc0d-46e3-b0e0-6d5889a9a5df] ""Java-SDK""","Movie"
"2021-05-20 18:49:29.251","2021-05-20 18:49:29,251 ipaddr - - ""POST /account HTTP/1.1"" 200 - 45 [0a51b8a4-b660-434d-8a51-bf0566739b84] ""Apache-HttpClient/4.5.10 (Java/11.0.9)""","Account"
"2021-05-20 18:49:28.775","2021-05-20 18:49:28,775 ipaddr - - ""GET /all/albums HTTP/1.1"" 200 - 45 [0cded002-375a-4c6f-bd05-bc0086b52490] ""Java-SDK""","Front"
"2021-05-20 18:49:28.663","2021-05-20 18:49:28,663 ipaddr - - ""GET /discount?accountid=25 HTTP/1.1"" 200 - 45 [ca6bf1af-1b54-4ea4-b2ce-84309e0956e5] ""Java-SDK""","Account"
"2021-05-20 18:49:28.234","2021-05-20 18:49:28,234 ipaddr - - ""POST /pay HTTP/1.1"" 200 - 45 [f197c771-9c5d-4a18-b701-e2c5d2dbd091] ""Apache-HttpClient/4.5.10 (Java/11.0.9)""","Payment"
"2021-05-20 18:49:28.074","2021-05-20 18:49:28,074 ipaddr - - ""POST /order HTTP/1.1"" 200 - 45 [f197c771-9c5d-4a18-b701-e2c5d2dbd091] ""Apache-HttpClient/4.5.10 (Java/11.0.9)""","Shipping"
"2021-05-20 18:49:27.584","2021-05-20 18:49:27,584 ipaddr - - ""GET /item?id=134 HTTP/1.1"" 200 - 45 [a37954f3-cc0d-46e3-b0e0-6d5889a9a5df] ""Java-SDK""","Inventory"
"2021-05-20 18:49:27.370","2021-05-20 18:49:27,370 ipaddr - - ""GET /book?id=44 HTTP/1.1"" 200 - 45 [30800783-a594-46ea-8c6e-429c97a77016] ""Java-SDK""","Book"
"2021-05-20 18:49:27.175","2021-05-20 18:49:27,175 ipaddr - - ""GET /account?accountid=152 HTTP/1.1"" 200 - 45 [6ca5559d-f914-4bc9-9d98-1ee9a7733932] ""Apache-HttpClient/4.5.10 (Java/11.0.9)""","Account"
"2021-05-20 18:49:26.720","2021-05-20 18:49:26,720 ipaddr - - ""POST /order HTTP/1.1"" 200 - 45 [f197c771-9c5d-4a18-b701-e2c5d2dbd091] ""Java-SDK""","Front"
"2021-05-20 18:49:26.329","2021-05-20 18:49:26,329 ipaddr - - ""GET /books HTTP/1.1"" 200 - 45 [38e235e8-19b6-496d-9b61-b6b863cc85b4] ""Java-SDK""","Book"
"2021-05-20 18:49:26.265","2021-05-20 18:49:26,265 ipaddr - - ""PUT /account?accountid=89 HTTP/1.1"" 200 - 45 [2fdb7ec2-eb6d-48b5-baa3-c0a479702667] ""Apache-HttpClient/4.5.10 (Java/11.0.9)""","Account"
"2021-05-20 18:49:26.006","2021-05-20 18:49:26,006 ipaddr - - ""GET / HTTP/1.1"" 200 - 45 [6bfb3586-7f6a-4273-9059-5ba53995bf2a] ""Apache-HttpClient/4.5.10 (Java/11.0.9)""","Front"
"2021-05-20 18:49:25.769","2021-05-20 18:49:25,769 ipaddr - - ""POST /calculate HTTP/1.1"" 200 - 45 [ca6bf1af-1b54-4ea4-b2ce-84309e0956e5] ""Java-SDK""","Shipping"
"2021-05-20 18:49:25.633","2021-05-20 18:49:25,633 ipaddr - - ""GET /item?id=44 HTTP/1.1"" 200 - 45 [30800783-a594-46ea-8c6e-429c97a77016] ""Java-SDK""","Inventory"
"2021-05-20 18:49:25.541","2021-05-20 18:49:25,541 ipaddr - - ""GET /album?id=115 HTTP/1.1"" 200 - 45 [b57a7197-9a8c-4f33-89e2-4b0f6e59c228] ""Java-SDK""","Album"
"2021-05-20 18:49:25.481","2021-05-20 18:49:25,481 ipaddr - - ""GET /item?id=115 HTTP/1.1"" 200 - 45 [b57a7197-9a8c-4f33-89e2-4b0f6e59c228] ""Java-SDK""","Inventory"
"2021-05-20 18:49:25.321","2021-05-20 18:49:25,321 ipaddr - - ""GET /movies HTTP/1.1"" 200 - 45 [e1ab9d3e-4a69-473f-a544-4f335410d642] ""Java-SDK""","Movie"
"2021-05-20 18:49:25.145","2021-05-20 18:49:25,145 ipaddr - - ""GET /item?itemid=44 HTTP/1.1"" 200 - 45 [30800783-a594-46ea-8c6e-429c97a77016] ""Apache-HttpClient/4.5.10 (Java/11.0.9)""","Front"
"2021-05-20 18:49:24.873","2021-05-20 18:49:24,873 ipaddr - - ""GET /adress?accountid=25 HTTP/1.1"" 200 - 45 [b8a92057-deb3-40e4-95d1-20f7ea08fb60] ""Java-SDK""","Account"
"2021-05-20 18:49:24.581","2021-05-20 18:49:24,581 ipaddr - - ""GET /item?itemid=134 HTTP/1.1"" 200 - 45 [a37954f3-cc0d-46e3-b0e0-6d5889a9a5df] ""Apache-HttpClient/4.5.10 (Java/11.0.9)""","Front"
"2021-05-20 18:49:24.246","2021-05-20 18:49:24,246 ipaddr - - ""GET /item?itemid=115 HTTP/1.1"" 200 - 45 [b57a7197-9a8c-4f33-89e2-4b0f6e59c228] ""Apache-HttpClient/4.5.10 (Java/11.0.9)""","Front"
"2021-05-20 18:49:23.752","2021-05-20 18:49:23,752 ipaddr - - ""POST /login HTTP/1.1"" 200 - 45 [6ca5559d-f914-4bc9-9d98-1ee9a7733932] ""Java-SDK""","Front"
"2021-05-20 18:49:23.568","2021-05-20 18:49:23,568 ipaddr - - ""POST /shipment HTTP/1.1"" 200 - 45 [b8a92057-deb3-40e4-95d1-20f7ea08fb60] ""Java-SDK""","Shipping"
"2021-05-20 18:49:23.273","2021-05-20 18:49:23,273 ipaddr - - ""GET /books HTTP/1.1"" 200 - 45 [38e235e8-19b6-496d-9b61-b6b863cc85b4] ""Apache-HttpClient/4.5.10 (Java/11.0.9)""","Inventory"
"2021-05-20 18:49:22.991","2021-05-20 18:49:22,991 ipaddr - - ""GET /all/books HTTP/1.1"" 200 - 45 [38e235e8-19b6-496d-9b61-b6b863cc85b4] ""Java-SDK""","Front"
"2021-05-20 18:49:22.686","2021-05-20 18:49:22,686 ipaddr - - ""GET /movies HTTP/1.1"" 200 - 45 [e1ab9d3e-4a69-473f-a544-4f335410d642] ""Apache-HttpClient/4.5.10 (Java/11.0.9)""","Inventory"
"2021-05-20 18:49:22.330","2021-05-20 18:49:22,330 ipaddr - - ""DELETE /account?accountid=150 HTTP/1.1"" 200 - 45 [e5bf6355-8ee4-45da-80d5-1f15fa4cc8a5] ""Apache-HttpClient/4.5.10 (Java/11.0.9)""","Account"
"2021-05-20 18:49:22.217","2021-05-20 18:49:22,217 ipaddr - - ""POST /discount/apply HTTP/1.1"" 200 - 45 [ca6bf1af-1b54-4ea4-b2ce-84309e0956e5] ""Apache-HttpClient/4.5.10 (Java/11.0.9)""","Front"
"2021-05-20 18:49:22.064","2021-05-20 18:49:22,064 ipaddr - - ""POST /account/delete HTTP/1.1"" 200 - 45 [e5bf6355-8ee4-45da-80d5-1f15fa4cc8a5] ""Java-SDK""","Front"
"2021-05-20 18:49:21.855","2021-05-20 18:49:21,855 ipaddr - - ""POST /account/update HTTP/1.1"" 200 - 45 [2fdb7ec2-eb6d-48b5-baa3-c0a479702667] ""Java-SDK""","Front"
"2021-05-20 18:49:21.415","2021-05-20 18:49:21,415 ipaddr - - ""POST /account/new HTTP/1.1"" 200 - 45 [0a51b8a4-b660-434d-8a51-bf0566739b84] ""Java-SDK""","Front"
"2021-05-20 18:49:21.090","2021-05-20 18:49:21,090 ipaddr - - ""POST /shipment/calculate HTTP/1.1"" 200 - 45 [b8a92057-deb3-40e4-95d1-20f7ea08fb60] ""Apache-HttpClient/4.5.10 (Java/11.0.9)""","Front"
"2021-05-20 18:49:20.959","2021-05-20 18:49:20,959 ipaddr - - ""GET /all/movies HTTP/1.1"" 200 - 45 [e1ab9d3e-4a69-473f-a544-4f335410d642] ""Java-SDK""","Front"
"2021-05-20 18:49:19.584","2021-05-20 18:49:19,584 ipaddr - - ""GET /movies HTTP/1.1"" 200 - 45 [87256fb9-a8d5-4afe-a019-87070d256650] ""Java-SDK""","Movie"
"2021-05-20 18:49:19.379","2021-05-20 18:49:19,379 ipaddr - - ""DELETE /account?accountid=58 HTTP/1.1"" 200 - 45 [6b3c7725-0ab7-49ed-b9c8-9a4be64849ee] ""Apache-HttpClient/4.5.10 (Java/11.0.9)""","Account"
"2021-05-20 18:49:18.957","2021-05-20 18:49:18,957 ipaddr - - ""GET /account?accountid=95 HTTP/1.1"" 200 - 45 [169fa8bb-c93f-4793-b0ed-8caf6b756ead] ""Apache-HttpClient/4.5.10 (Java/11.0.9)""","Account"
"2021-05-20 18:49:18.756","2021-05-20 18:49:18,756 ipaddr - - ""GET /albums HTTP/1.1"" 200 - 45 [a3593f4f-7cca-418a-823c-0cf78e276705] ""Apache-HttpClient/4.5.10 (Java/11.0.9)""","Album"
"2021-05-20 18:49:18.385","2021-05-20 18:49:18,385 ipaddr - - ""PUT /account?accountid=39 HTTP/1.1"" 200 - 45 [cb8f2789-4103-437f-82f1-f26069ecf585] ""Apache-HttpClient/4.5.10 (Java/11.0.9)""","Account"
"2021-05-20 18:49:17.894","2021-05-20 18:49:17,894 ipaddr - - ""GET /adress?accountid=113 HTTP/1.1"" 200 - 45 [da6f6a85-bcfd-43bf-a36b-c259fff6fd22] ""Java-SDK""","Account"
"2021-05-20 18:49:17.713","2021-05-20 18:49:17,713 ipaddr - - ""POST /account/update HTTP/1.1"" 200 - 45 [cb8f2789-4103-437f-82f1-f26069ecf585] ""Java-SDK""","Front"
"2021-05-20 18:49:17.388","2021-05-20 18:49:17,388 ipaddr - - ""GET /movies HTTP/1.1"" 200 - 45 [87256fb9-a8d5-4afe-a019-87070d256650] ""Apache-HttpClient/4.5.10 (Java/11.0.9)""","Inventory"
"2021-05-20 18:49:16.902","2021-05-20 18:49:16,902 ipaddr - - ""POST /pay HTTP/1.1"" 200 - 45 [f0324135-be3b-4b03-a7d4-ad394d815434] ""Apache-HttpClient/4.5.10 (Java/11.0.9)""","Payment"
"2021-05-20 18:49:16.518","2021-05-20 18:49:16,518 ipaddr - - ""POST /login HTTP/1.1"" 200 - 45 [169fa8bb-c93f-4793-b0ed-8caf6b756ead] ""Java-SDK""","Front"
"2021-05-20 18:49:16.056","2021-05-20 18:49:16,056 ipaddr - - ""GET /albums HTTP/1.1"" 200 - 45 [a3593f4f-7cca-418a-823c-0cf78e276705] ""Apache-HttpClient/4.5.10 (Java/11.0.9)""","Inventory"
"2021-05-20 18:49:15.804","2021-05-20 18:49:15,804 ipaddr - - ""GET /all/albums HTTP/1.1"" 200 - 45 [a3593f4f-7cca-418a-823c-0cf78e276705] ""Java-SDK""","Front"
"2021-05-20 18:49:15.734","2021-05-20 18:49:15,734 ipaddr - - ""GET / HTTP/1.1"" 200 - 45 [df40778b-7995-42ba-b64b-b16778b09753] ""Apache-HttpClient/4.5.10 (Java/11.0.9)""","Front"
"2021-05-20 18:49:15.401","2021-05-20 18:49:15,401 ipaddr - - ""GET /all/movies HTTP/1.1"" 200 - 45 [87256fb9-a8d5-4afe-a019-87070d256650] ""Java-SDK""","Front"
"2021-05-20 18:49:15.266","2021-05-20 18:49:15,266 ipaddr - - ""POST /order HTTP/1.1"" 200 - 45 [f0324135-be3b-4b03-a7d4-ad394d815434] ""Apache-HttpClient/4.5.10 (Java/11.0.9)""","Shipping"
"2021-05-20 18:49:15.179","2021-05-20 18:49:15,179 ipaddr - - ""GET /books HTTP/1.1"" 200 - 45 [c7427c8b-8c80-4a2f-aaa4-2a90ad4b8fa5] ""Java-SDK""","Book"
"2021-05-20 18:49:14.923","2021-05-20 18:49:14,923 ipaddr - - ""GET /book?id=41 HTTP/1.1"" 200 - 45 [1820a495-c9b7-452e-a4bd-fa1e58e8efed] ""Java-SDK""","Book"
"2021-05-20 18:49:14.440","2021-05-20 18:49:14,440 ipaddr - - ""GET /discount?accountid=141 HTTP/1.1"" 200 - 45 [7a6fc3d3-c3cc-4bd4-890a-99b61e82eeb6] ""Java-SDK""","Account"
"2021-05-20 18:49:13.998","2021-05-20 18:49:13,998 ipaddr - - ""GET /movie?id=66 HTTP/1.1"" 200 - 45 [d15bf387-b175-4f5b-8872-a686b0585545] ""Java-SDK""","Movie"
"2021-05-20 18:49:13.690","2021-05-20 18:49:13,690 ipaddr - - ""POST /order HTTP/1.1"" 200 - 45 [f0324135-be3b-4b03-a7d4-ad394d815434] ""Java-SDK""","Front"
"2021-05-20 18:49:13.439","2021-05-20 18:49:13,439 ipaddr - - ""GET /album?id=24 HTTP/1.1"" 200 - 45 [5a364f5e-ad91-46e3-a89e-ce9ba9d2d4f2] ""Java-SDK""","Album"
"2021-05-20 18:49:13.282","2021-05-20 18:49:13,282 ipaddr - - ""GET /item?id=66 HTTP/1.1"" 200 - 45 [d15bf387-b175-4f5b-8872-a686b0585545] ""Java-SDK""","Inventory"
"2021-05-20 18:49:12.888","2021-05-20 18:49:12,888 ipaddr - - ""GET /item?id=41 HTTP/1.1"" 200 - 45 [1820a495-c9b7-452e-a4bd-fa1e58e8efed] ""Java-SDK""","Inventory"
"2021-05-20 18:49:12.405","2021-05-20 18:49:12,405 ipaddr - - ""GET /item?itemid=66 HTTP/1.1"" 200 - 45 [d15bf387-b175-4f5b-8872-a686b0585545] ""Apache-HttpClient/4.5.10 (Java/11.0.9)""","Front"
"2021-05-20 18:49:12.162","2021-05-20 18:49:12,162 ipaddr - - ""POST /calculate HTTP/1.1"" 200 - 45 [7a6fc3d3-c3cc-4bd4-890a-99b61e82eeb6] ""Java-SDK""","Shipping"
"2021-05-20 18:49:12.064","2021-05-20 18:49:12,064 ipaddr - - ""POST /discount/apply HTTP/1.1"" 200 - 45 [7a6fc3d3-c3cc-4bd4-890a-99b61e82eeb6] ""Apache-HttpClient/4.5.10 (Java/11.0.9)""","Front"
"2021-05-20 18:49:11.749","2021-05-20 18:49:11,749 ipaddr - - ""POST /shipment HTTP/1.1"" 200 - 45 [da6f6a85-bcfd-43bf-a36b-c259fff6fd22] ""Java-SDK""","Shipping"
"2021-05-20 18:49:11.565","2021-05-20 18:49:11,565 ipaddr - - ""GET /item?id=24 HTTP/1.1"" 200 - 45 [5a364f5e-ad91-46e3-a89e-ce9ba9d2d4f2] ""Java-SDK""","Inventory"
"2021-05-20 18:49:11.106","2021-05-20 18:49:11,106 ipaddr - - ""POST /account HTTP/1.1"" 200 - 45 [b79fab8a-7000-4fcb-bb4b-99e8b7cca850] ""Apache-HttpClient/4.5.10 (Java/11.0.9)""","Account"
"2021-05-20 18:49:10.690","2021-05-20 18:49:10,690 ipaddr - - ""GET /item?itemid=24 HTTP/1.1"" 200 - 45 [5a364f5e-ad91-46e3-a89e-ce9ba9d2d4f2] ""Apache-HttpClient/4.5.10 (Java/11.0.9)""","Front"
"2021-05-20 18:49:10.463","2021-05-20 18:49:10,463 ipaddr - - ""POST /account/delete HTTP/1.1"" 200 - 45 [6b3c7725-0ab7-49ed-b9c8-9a4be64849ee] ""Java-SDK""","Front"
"2021-05-20 18:49:10.140","2021-05-20 18:49:10,140 ipaddr - - ""POST /shipment/calculate HTTP/1.1"" 200 - 45 [da6f6a85-bcfd-43bf-a36b-c259fff6fd22] ""Apache-HttpClient/4.5.10 (Java/11.0.9)""","Front"
"2021-05-20 18:49:09.656","2021-05-20 18:49:09,656 ipaddr - - ""POST /account/new HTTP/1.1"" 200 - 45 [b79fab8a-7000-4fcb-bb4b-99e8b7cca850] ""Java-SDK""","Front"
"2021-05-20 18:49:09.256","2021-05-20 18:49:09,256 ipaddr - - ""GET /item?itemid=41 HTTP/1.1"" 200 - 45 [1820a495-c9b7-452e-a4bd-fa1e58e8efed] ""Apache-HttpClient/4.5.10 (Java/11.0.9)""","Front"
"2021-05-20 18:49:09.054","2021-05-20 18:49:09,054 ipaddr - - ""GET /books HTTP/1.1"" 200 - 45 [c7427c8b-8c80-4a2f-aaa4-2a90ad4b8fa5] ""Apache-HttpClient/4.5.10 (Java/11.0.9)""","Inventory"
"2021-05-20 18:49:08.542","2021-05-20 18:49:08,542 ipaddr - - ""GET /all/books HTTP/1.1"" 200 - 45 [c7427c8b-8c80-4a2f-aaa4-2a90ad4b8fa5] ""Java-SDK""","Front"
"2021-05-20 18:49:06.756","2021-05-20 18:49:06,756 ipaddr - - ""GET /movie?id=155 HTTP/1.1"" 200 - 45 [53e117d8-cb92-499e-b9d7-e455d6132b24] ""Java-SDK""","Movie"
"2021-05-20 18:49:06.606","2021-05-20 18:49:06,606 ipaddr - - ""GET /account?accountid=46 HTTP/1.1"" 200 - 45 [f7119c8b-5026-48d0-a8a4-370c4a9fc201] ""Apache-HttpClient/4.5.10 (Java/11.0.9)""","Account"
"2021-05-20 18:49:06.123","2021-05-20 18:49:06,123 ipaddr - - ""GET /adress?accountid=109 HTTP/1.1"" 200 - 45 [0950c062-ab7a-476c-a726-dc42ce905e5e] ""Java-SDK""","Account"
"2021-05-20 18:49:06.018","2021-05-20 18:49:06,018 ipaddr - - ""GET /album?id=75 HTTP/1.1"" 200 - 45 [802403f8-ea4c-498e-bc74-3b89b0b72ccd] ""Java-SDK""","Album"
"2021-05-20 18:49:05.697","2021-05-20 18:49:05,697 ipaddr - - ""GET /item?id=75 HTTP/1.1"" 200 - 45 [802403f8-ea4c-498e-bc74-3b89b0b72ccd] ""Java-SDK""","Inventory"
"2021-05-20 18:49:05.623","2021-05-20 18:49:05,623 ipaddr - - ""DELETE /account?accountid=146 HTTP/1.1"" 200 - 45 [69483fd6-84b1-4960-bac7-38b975887eb0] ""Apache-HttpClient/4.5.10 (Java/11.0.9)""","Account"
"2021-05-20 18:49:05.528","2021-05-20 18:49:05,528 ipaddr - - ""GET /item?itemid=75 HTTP/1.1"" 200 - 45 [802403f8-ea4c-498e-bc74-3b89b0b72ccd] ""Apache-HttpClient/4.5.10 (Java/11.0.9)""","Front"
"2021-05-20 18:49:05.289","2021-05-20 18:49:05,289 ipaddr - - ""GET /movies HTTP/1.1"" 200 - 45 [6dde0a72-91b4-484d-8819-f6e91a98b020] ""Java-SDK""","Movie"
"2021-05-20 18:49:05.152","2021-05-20 18:49:05,152 ipaddr - - ""GET /book?id=67 HTTP/1.1"" 200 - 45 [bc5a8c5b-7ad3-4933-90dc-a9937c29ebd5] ""Java-SDK""","Book"
"2021-05-20 18:49:04.828","2021-05-20 18:49:04,828 ipaddr - - ""GET /movies HTTP/1.1"" 200 - 45 [6dde0a72-91b4-484d-8819-f6e91a98b020] ""Apache-HttpClient/4.5.10 (Java/11.0.9)""","Inventory"
"2021-05-20 18:49:04.385","2021-05-20 18:49:04,385 ipaddr - - ""GET /discount?accountid=116 HTTP/1.1"" 200 - 45 [60ae07c1-4633-4ad5-831a-5cc3e403cddf] ""Java-SDK""","Account"
"2021-05-20 18:49:04.257","2021-05-20 18:49:04,257 ipaddr - - ""POST /pay HTTP/1.1"" 200 - 45 [0ec31106-a9a3-4a08-b04f-d90ede289810] ""Apache-HttpClient/4.5.10 (Java/11.0.9)""","Payment"
"2021-05-20 18:49:04.201","2021-05-20 18:49:04,201 ipaddr - - ""POST /account/delete HTTP/1.1"" 200 - 45 [69483fd6-84b1-4960-bac7-38b975887eb0] ""Java-SDK""","Front"
"2021-05-20 18:49:04.072","2021-05-20 18:49:04,072 ipaddr - - ""POST /account HTTP/1.1"" 200 - 45 [054fe971-67d9-4940-abef-a80e8116a1e2] ""Apache-HttpClient/4.5.10 (Java/11.0.9)""","Account"
"2021-05-20 18:49:03.631","2021-05-20 18:49:03,631 ipaddr - - ""POST /order HTTP/1.1"" 200 - 45 [0ec31106-a9a3-4a08-b04f-d90ede289810] ""Apache-HttpClient/4.5.10 (Java/11.0.9)""","Shipping"
"2021-05-20 18:49:03.209","2021-05-20 18:49:03,209 ipaddr - - ""GET /books HTTP/1.1"" 200 - 45 [919d78fd-747f-4411-bd2c-2b2223f8eb5c] ""Java-SDK""","Book"
"2021-05-20 18:49:02.856","2021-05-20 18:49:02,856 ipaddr - - ""GET /item?id=155 HTTP/1.1"" 200 - 45 [53e117d8-cb92-499e-b9d7-e455d6132b24] ""Java-SDK""","Inventory"
"2021-05-20 18:49:02.750","2021-05-20 18:49:02,750 ipaddr - - ""PUT /account?accountid=75 HTTP/1.1"" 200 - 45 [7261dbc5-ea84-4e6c-b906-e1ab3d7508de] ""Apache-HttpClient/4.5.10 (Java/11.0.9)""","Account"
"2021-05-20 18:49:02.442","2021-05-20 18:49:02,442 ipaddr - - ""GET /item?itemid=155 HTTP/1.1"" 200 - 45 [53e117d8-cb92-499e-b9d7-e455d6132b24] ""Apache-HttpClient/4.5.10 (Java/11.0.9)""","Front"
"2021-05-20 18:49:02.389","2021-05-20 18:49:02,389 ipaddr - - ""GET /item?id=67 HTTP/1.1"" 200 - 45 [bc5a8c5b-7ad3-4933-90dc-a9937c29ebd5] ""Java-SDK""","Inventory"
"2021-05-20 18:49:02.048","2021-05-20 18:49:02,048 ipaddr - - ""GET /albums HTTP/1.1"" 200 - 45 [13d54dca-066f-4fae-8066-1d9f9df29129] ""Apache-HttpClient/4.5.10 (Java/11.0.9)""","Album"
"2021-05-20 18:49:01.833","2021-05-20 18:49:01,833 ipaddr - - ""GET /albums HTTP/1.1"" 200 - 45 [13d54dca-066f-4fae-8066-1d9f9df29129] ""Apache-HttpClient/4.5.10 (Java/11.0.9)""","Inventory"
"2021-05-20 18:49:01.601","2021-05-20 18:49:01,601 ipaddr - - ""POST /calculate HTTP/1.1"" 200 - 45 [60ae07c1-4633-4ad5-831a-5cc3e403cddf] ""Java-SDK""","Shipping"
"2021-05-20 18:49:01.111","2021-05-20 18:49:01,111 ipaddr - - ""POST /shipment HTTP/1.1"" 200 - 45 [0950c062-ab7a-476c-a726-dc42ce905e5e] ""Java-SDK""","Shipping"
"2021-05-20 18:49:00.609","2021-05-20 18:49:00,609 ipaddr - - ""GET /all/albums HTTP/1.1"" 200 - 45 [13d54dca-066f-4fae-8066-1d9f9df29129] ""Java-SDK""","Front"
"2021-05-20 18:49:00.319","2021-05-20 18:49:00,319 ipaddr - - ""POST /account/update HTTP/1.1"" 200 - 45 [7261dbc5-ea84-4e6c-b906-e1ab3d7508de] ""Java-SDK""","Front"
"2021-05-20 18:49:00.139","2021-05-20 18:49:00,139 ipaddr - - ""POST /discount/apply HTTP/1.1"" 200 - 45 [60ae07c1-4633-4ad5-831a-5cc3e403cddf] ""Apache-HttpClient/4.5.10 (Java/11.0.9)""","Front"
"2021-05-20 18:48:59.913","2021-05-20 18:48:59,913 ipaddr - - ""POST /login HTTP/1.1"" 200 - 45 [f7119c8b-5026-48d0-a8a4-370c4a9fc201] ""Java-SDK""","Front"
"2021-05-20 18:48:59.595","2021-05-20 18:48:59,595 ipaddr - - ""POST /shipment/calculate HTTP/1.1"" 200 - 45 [0950c062-ab7a-476c-a726-dc42ce905e5e] ""Apache-HttpClient/4.5.10 (Java/11.0.9)""","Front"
"2021-05-20 18:48:59.233","2021-05-20 18:48:59,233 ipaddr - - ""GET /item?itemid=67 HTTP/1.1"" 200 - 45 [bc5a8c5b-7ad3-4933-90dc-a9937c29ebd5] ""Apache-HttpClient/4.5.10 (Java/11.0.9)""","Front"
"2021-05-20 18:48:58.965","2021-05-20 18:48:58,965 ipaddr - - ""POST /order HTTP/1.1"" 200 - 45 [0ec31106-a9a3-4a08-b04f-d90ede289810] ""Java-SDK""","Front"
"2021-05-20 18:48:58.881","2021-05-20 18:48:58,881 ipaddr - - ""GET /all/movies HTTP/1.1"" 200 - 45 [6dde0a72-91b4-484d-8819-f6e91a98b020] ""Java-SDK""","Front"
"2021-05-20 18:48:58.481","2021-05-20 18:48:58,481 ipaddr - - ""GET / HTTP/1.1"" 200 - 45 [d45c953c-3ffc-47e7-bc53-7cb8cbf756f2] ""Apache-HttpClient/4.5.10 (Java/11.0.9)""","Front"
"2021-05-20 18:48:58.133","2021-05-20 18:48:58,133 ipaddr - - ""GET /books HTTP/1.1"" 200 - 45 [919d78fd-747f-4411-bd2c-2b2223f8eb5c] ""Apache-HttpClient/4.5.10 (Java/11.0.9)""","Inventory"
"2021-05-20 18:48:57.655","2021-05-20 18:48:57,655 ipaddr - - ""POST /account/new HTTP/1.1"" 200 - 45 [054fe971-67d9-4940-abef-a80e8116a1e2] ""Java-SDK""","Front"
"2021-05-20 18:48:57.293","2021-05-20 18:48:57,293 ipaddr - - ""GET /all/books HTTP/1.1"" 200 - 45 [919d78fd-747f-4411-bd2c-2b2223f8eb5c] ""Java-SDK""","Front"
"2021-05-20 18:48:55.598","2021-05-20 18:48:55,598 ipaddr - - ""GET /books HTTP/1.1"" 200 - 45 [01be0da0-fe70-4da6-adef-78b1c2d88428] ""Java-SDK""","Book"
"2021-05-20 18:48:55.436","2021-05-20 18:48:55,436 ipaddr - - ""GET /books HTTP/1.1"" 200 - 45 [01be0da0-fe70-4da6-adef-78b1c2d88428] ""Apache-HttpClient/4.5.10 (Java/11.0.9)""","Inventory"
"2021-05-20 18:48:55.205","2021-05-20 18:48:55,205 ipaddr - - ""PUT /account?accountid=105 HTTP/1.1"" 200 - 45 [7669eff7-7985-439f-b947-d487b6d10e46] ""Apache-HttpClient/4.5.10 (Java/11.0.9)""","Account"
"2021-05-20 18:48:55.067","2021-05-20 18:48:55,067 ipaddr - - ""POST /account HTTP/1.1"" 200 - 45 [08446e7b-3e97-4e74-8f96-90fd54330a77] ""Apache-HttpClient/4.5.10 (Java/11.0.9)""","Account"
"2021-05-20 18:48:54.783","2021-05-20 18:48:54,783 ipaddr - - ""GET /all/books HTTP/1.1"" 200 - 45 [01be0da0-fe70-4da6-adef-78b1c2d88428] ""Java-SDK""","Front"
"2021-05-20 18:48:54.296","2021-05-20 18:48:54,296 ipaddr - - ""GET /book?id=33 HTTP/1.1"" 200 - 45 [ba30ce19-a1ce-4ced-bc5f-73d7f891b341] ""Java-SDK""","Book"
"2021-05-20 18:48:53.838","2021-05-20 18:48:53,838 ipaddr - - ""GET /albums HTTP/1.1"" 200 - 45 [79700e4c-4cef-4ead-bd43-fbedb0c26443] ""Apache-HttpClient/4.5.10 (Java/11.0.9)""","Album"
"2021-05-20 18:48:53.761","2021-05-20 18:48:53,761 ipaddr - - ""GET /discount?accountid=96 HTTP/1.1"" 200 - 45 [ad38d05a-749a-4cd3-9a18-85babe6b0249] ""Java-SDK""","Account"
"2021-05-20 18:48:53.543","2021-05-20 18:48:53,543 ipaddr - - ""GET /item?id=33 HTTP/1.1"" 200 - 45 [ba30ce19-a1ce-4ced-bc5f-73d7f891b341] ""Java-SDK""","Inventory"
"2021-05-20 18:48:53.106","2021-05-20 18:48:53,106 ipaddr - - ""GET /account?accountid=121 HTTP/1.1"" 200 - 45 [a5e08c9d-2f1a-47ad-a332-9e9eca188d46] ""Apache-HttpClient/4.5.10 (Java/11.0.9)""","Account"
"2021-05-20 18:48:52.914","2021-05-20 18:48:52,914 ipaddr - - ""GET /album?id=111 HTTP/1.1"" 200 - 45 [24a42f01-4ecc-4766-837b-62dd2d4594a6] ""Java-SDK""","Album"
"2021-05-20 18:48:52.743","2021-05-20 18:48:52,743 ipaddr - - ""POST /account/new HTTP/1.1"" 200 - 45 [08446e7b-3e97-4e74-8f96-90fd54330a77] ""Java-SDK""","Front"
"2021-05-20 18:48:52.349","2021-05-20 18:48:52,349 ipaddr - - ""GET /movies HTTP/1.1"" 200 - 45 [1e252c0f-8a3e-4990-b440-eb70c15790d3] ""Java-SDK""","Movie"
"2021-05-20 18:48:52.254","2021-05-20 18:48:52,254 ipaddr - - ""GET /movies HTTP/1.1"" 200 - 45 [1e252c0f-8a3e-4990-b440-eb70c15790d3] ""Apache-HttpClient/4.5.10 (Java/11.0.9)""","Inventory"
"2021-05-20 18:48:52.130","2021-05-20 18:48:52,130 ipaddr - - ""GET /albums HTTP/1.1"" 200 - 45 [79700e4c-4cef-4ead-bd43-fbedb0c26443] ""Apache-HttpClient/4.5.10 (Java/11.0.9)""","Inventory"
"2021-05-20 18:48:51.858","2021-05-20 18:48:51,858 ipaddr - - ""GET /all/movies HTTP/1.1"" 200 - 45 [1e252c0f-8a3e-4990-b440-eb70c15790d3] ""Java-SDK""","Front"
"2021-05-20 18:48:51.442","2021-05-20 18:48:51,442 ipaddr - - ""GET /item?id=111 HTTP/1.1"" 200 - 45 [24a42f01-4ecc-4766-837b-62dd2d4594a6] ""Java-SDK""","Inventory"
"2021-05-20 18:48:51.202","2021-05-20 18:48:51,202 ipaddr - - ""POST /calculate HTTP/1.1"" 200 - 45 [ad38d05a-749a-4cd3-9a18-85babe6b0249] ""Java-SDK""","Shipping"
"2021-05-20 18:48:50.721","2021-05-20 18:48:50,721 ipaddr - - ""GET / HTTP/1.1"" 200 - 45 [a8e36540-3ab2-4ecb-82e8-2d0fe8d17538] ""Apache-HttpClient/4.5.10 (Java/11.0.9)""","Front"
"2021-05-20 18:48:50.313","2021-05-20 18:48:50,313 ipaddr - - ""POST /discount/apply HTTP/1.1"" 200 - 45 [ad38d05a-749a-4cd3-9a18-85babe6b0249] ""Apache-HttpClient/4.5.10 (Java/11.0.9)""","Front"
"2021-05-20 18:48:50.081","2021-05-20 18:48:50,081 ipaddr - - ""POST /pay HTTP/1.1"" 200 - 45 [28cbc430-ee4c-4f8a-a74e-55855ac9a795] ""Apache-HttpClient/4.5.10 (Java/11.0.9)""","Payment"
"2021-05-20 18:48:49.838","2021-05-20 18:48:49,838 ipaddr - - ""GET /adress?accountid=57 HTTP/1.1"" 200 - 45 [06f58364-db34-44d2-83bc-ee38322a6371] ""Java-SDK""","Account"
"2021-05-20 18:48:49.694","2021-05-20 18:48:49,694 ipaddr - - ""GET /movie?id=43 HTTP/1.1"" 200 - 45 [dce16d41-6adb-47c9-b474-62d8d1df8bbe] ""Java-SDK""","Movie"
"2021-05-20 18:48:49.298","2021-05-20 18:48:49,298 ipaddr - - ""POST /order HTTP/1.1"" 200 - 45 [28cbc430-ee4c-4f8a-a74e-55855ac9a795] ""Apache-HttpClient/4.5.10 (Java/11.0.9)""","Shipping"
"2021-05-20 18:48:48.990","2021-05-20 18:48:48,990 ipaddr - - ""GET /item?itemid=33 HTTP/1.1"" 200 - 45 [ba30ce19-a1ce-4ced-bc5f-73d7f891b341] ""Apache-HttpClient/4.5.10 (Java/11.0.9)""","Front"
"2021-05-20 18:48:48.804","2021-05-20 18:48:48,804 ipaddr - - ""POST /account/update HTTP/1.1"" 200 - 45 [7669eff7-7985-439f-b947-d487b6d10e46] ""Java-SDK""","Front"
"2021-05-20 18:48:48.504","2021-05-20 18:48:48,504 ipaddr - - ""GET /item?itemid=111 HTTP/1.1"" 200 - 45 [24a42f01-4ecc-4766-837b-62dd2d4594a6] ""Apache-HttpClient/4.5.10 (Java/11.0.9)""","Front"
"2021-05-20 18:48:48.264","2021-05-20 18:48:48,264 ipaddr - - ""POST /login HTTP/1.1"" 200 - 45 [a5e08c9d-2f1a-47ad-a332-9e9eca188d46] ""Java-SDK""","Front"
"2021-05-20 18:48:48.059","2021-05-20 18:48:48,059 ipaddr - - ""POST /order HTTP/1.1"" 200 - 45 [28cbc430-ee4c-4f8a-a74e-55855ac9a795] ""Java-SDK""","Front"
"2021-05-20 18:48:47.961","2021-05-20 18:48:47,961 ipaddr - - ""POST /shipment HTTP/1.1"" 200 - 45 [06f58364-db34-44d2-83bc-ee38322a6371] ""Java-SDK""","Shipping"
"2021-05-20 18:48:47.841","2021-05-20 18:48:47,841 ipaddr - - ""POST /shipment/calculate HTTP/1.1"" 200 - 45 [06f58364-db34-44d2-83bc-ee38322a6371] ""Apache-HttpClient/4.5.10 (Java/11.0.9)""","Front"
"2021-05-20 18:48:47.533","2021-05-20 18:48:47,533 ipaddr - - ""DELETE /account?accountid=28 HTTP/1.1"" 200 - 45 [a8823569-bd84-4135-8325-a0ec2178ba8a] ""Apache-HttpClient/4.5.10 (Java/11.0.9)""","Account"
"2021-05-20 18:48:47.449","2021-05-20 18:48:47,449 ipaddr - - ""GET /all/albums HTTP/1.1"" 200 - 45 [79700e4c-4cef-4ead-bd43-fbedb0c26443] ""Java-SDK""","Front"
"2021-05-20 18:48:47.121","2021-05-20 18:48:47,121 ipaddr - - ""POST /account/delete HTTP/1.1"" 200 - 45 [a8823569-bd84-4135-8325-a0ec2178ba8a] ""Java-SDK""","Front"
"2021-05-20 18:48:46.891","2021-05-20 18:48:46,891 ipaddr - - ""GET /item?id=43 HTTP/1.1"" 200 - 45 [dce16d41-6adb-47c9-b474-62d8d1df8bbe] ""Java-SDK""","Inventory"
